hrefs,name,class
https://tlgrm.ru/channels/@nexta_live,NEXTA Live,news
https://tlgrm.ru/channels/@nexta_tv,NEXTA,news
https://tlgrm.ru/channels/@breakingmash,Mash,news
https://tlgrm.ru/channels/@topor,–¢–û–ü–û–† - –ì–æ—Ä—è—á–∏–µ –Ω–æ–≤–æ—Å—Ç–∏ | –ë–µ–ª–∞—Ä—É—Å—å,news
https://tlgrm.ru/channels/@petrovtel,–ö—Ä—ã—Å–∏–Ω–æ–µ –ö–æ—Ä–æ–ª–µ–≤—Å—Ç–≤–æ üêÄ,news
https://tlgrm.ru/channels/@DavydovIn,–î–∞–≤—ã–¥–æ–≤.–ò–Ω–¥–µ–∫—Å,news
https://tlgrm.ru/channels/@tutby_official,TUT.BY –Ω–æ–≤–æ—Å—Ç–∏,news
https://tlgrm.ru/channels/@rhymestg,–†–∏—Ñ–º—ã –∏ –ü–∞–Ω—á–∏ ü•§,news
https://tlgrm.ru/channels/@meduzalive,–ú–µ–¥—É–∑–∞ ‚Äî LIVE,news
https://tlgrm.ru/channels/@lentachold,–õ–µ–Ω—Ç–∞—á,news
https://tlgrm.ru/channels/@stopcoronavirusrussia,–°–¢–û–ü–ö–û–†–û–ù–ê–í–ò–†–£–°.–†–§,news
https://tlgrm.ru/channels/@bazabazon,Baza,news
https://tlgrm.ru/channels/@corona,Coronavirus Info,news
https://tlgrm.ru/channels/@otsuka_bld,–î–∞–±–ª –Ø—Ç—å,news
https://tlgrm.ru/channels/@mkbelarus,–ú–ê–Ø –ö–†–ê–Ü–ù–ê –ë–ï–õ–ê–†–£–°–¨,news
https://tlgrm.ru/channels/@oldlentach,–õ–µ–Ω—Ç–∞—á,news
https://tlgrm.ru/channels/@luxta_tv,LUXTA,news
https://tlgrm.ru/channels/@COVID2019_official,–û–ø–µ—Ä—à—Ç–∞–± –ú–æ—Å–∫–≤—ã,news
https://tlgrm.ru/channels/@moscowmap,–ú–æ—Å–∫–æ–≤—Å–∫–∏–µ –Ω–æ–≤–æ—Å—Ç–∏,news
https://tlgrm.ru/channels/@belteanews,–ß–∞–π –∑ –º–∞–ª–∏–Ω–∞–≤—ã–º –≤–∞—Ä—ç–Ω–Ω–µ–º,news
https://tlgrm.ru/channels/@bbbreaking,–†–∞–Ω—å—à–µ –≤—Å–µ—Ö. –ù—É –ø–æ—á—Ç–∏.,news
https://tlgrm.ru/channels/@varlamov_news,Varlamov News,news
https://tlgrm.ru/channels/@bnkbel,–ë–∞—Å—Ç–∞!,news
https://tlgrm.ru/channels/@rt_russian,RT –Ω–∞ —Ä—É—Å—Å–∫–æ–º,news
https://tlgrm.ru/channels/@temablog,–ê—Ä—Ç–µ–º–∏–π –õ–µ–±–µ–¥–µ–≤,blogs
https://tlgrm.ru/channels/@durov_russia,–ü–∞–≤–µ–ª –î—É—Ä–æ–≤,blogs
https://tlgrm.ru/channels/@Elenaraytman,Elena Raytman,blogs
https://tlgrm.ru/channels/@yurydud,–î—É–¥—å,blogs
https://tlgrm.ru/channels/@SolovievLive,–°–û–õ–û–í–¨–ï–í,blogs
https://tlgrm.ru/channels/@varlamov,–ò–ª—å—è –í–∞—Ä–ª–∞–º–æ–≤,blogs
https://tlgrm.ru/channels/@Vashchenko_max,Vashchenko TRASH VIDEO,blogs
https://tlgrm.ru/channels/@durnevportitvse,–î—É—Ä–Ω–µ–≤,blogs
https://tlgrm.ru/channels/@iznytri,–í–∑–≥–ª—è–¥ –∏–∑–Ω—É—Ç—Ä–∏,blogs
https://tlgrm.ru/channels/@lenamiro,–õ–µ–Ω–∞ –ú–∏—Ä–æ,blogs
https://tlgrm.ru/channels/@arina_travels,ARINA SHUMAKOVA,blogs
https://tlgrm.ru/channels/@tikandelaki,–¢–∏–Ω–∞ –ö–∞–Ω–¥–µ–ª–∞–∫–∏,blogs
https://tlgrm.ru/channels/@oldshelma,–°—Ç–∞—Ä–∞—è —à–µ–ª—å–º–∞ / viksi666,blogs
https://tlgrm.ru/channels/@Irena_pol,–ò—Ä–µ–Ω–∞ –∂–∞—Ä–∏—Ç –ø–∏—Ä–æ–∂–∫–∏,blogs
https://tlgrm.ru/channels/@pechova,–ü–µ—á–µ–Ω—å –•–æ–≤—ã,blogs
https://tlgrm.ru/channels/@sanyaizdagestana,–°–∞–Ω—è –∏–∑ –î–∞–≥–µ—Å—Ç–∞–Ω–∞,blogs
https://tlgrm.ru/channels/@vintovkina_arina,–≠—Ç–æ –Ω–æ—Ä–º–∞–ª—å–Ω–æ,blogs
https://tlgrm.ru/channels/@mak_sharo,Mak_sharo,blogs
https://tlgrm.ru/channels/@usachevruslan,UsachevRuslan,blogs
https://tlgrm.ru/channels/@krispotupchik,–ö—Ä–∏—Å—Ç–∏–Ω–∞ –ü–æ—Ç—É–ø—á–∏–∫,blogs
https://tlgrm.ru/channels/@nomerok777,–ì–∞–µ—Ü,blogs
https://tlgrm.ru/channels/@RKadyrov_95,Kadyrov_95,blogs
https://tlgrm.ru/channels/@poperechnyi,–ü–æ–ø–µ—Ä–µ—á–Ω—ã–π,blogs
https://tlgrm.ru/channels/@RussiaBuild,–°—Ç—Ä–æ–∏—Ç–µ–ª—å—Å—Ç–≤–æ –∏ –±–∏–∑–Ω–µ—Å,blogs
https://tlgrm.ru/channels/@d_code,–ö–æ–¥ –î—É—Ä–æ–≤–∞,tech
https://tlgrm.ru/channels/@teleblog,–¢–µ–ª–µ–±–ª–æ–≥,tech
https://tlgrm.ru/channels/@progbook,–ö–Ω–∏–≥–∏ –¥–ª—è –ø—Ä–æ–≥—Ä–∞–º–º–∏—Å—Ç–æ–≤,tech
https://tlgrm.ru/channels/@howdyho_official,"‡πñ€£€ú–•–∞—É–¥–∏ –•–æ - ùêàùêì —é·¥ç·¥è·¥©, x»∫ùïú–∏–Ω–≥ ùî¢ùî±ùî†",tech
https://tlgrm.ru/channels/@rozetked,Rozetked,tech
https://tlgrm.ru/channels/@Wylsared,Wylsacom Red,tech
https://tlgrm.ru/channels/@Tblog,Tblog - –±–ª–æ–≥ Telegram,tech
https://tlgrm.ru/channels/@tbite,–¢–µ—Ä–∞–±–∏—Ç: it —Ç–µ—Ö–Ω–æ–ª–æ–≥–∏–∏,tech
https://tlgrm.ru/channels/@tproger_official,–¢–∏–ø–∏—á–Ω—ã–π –ø—Ä–æ–≥—Ä–∞–º–º–∏—Å—Ç,tech
https://tlgrm.ru/channels/@setters,SETTERS,tech
https://tlgrm.ru/channels/@proglibrary,–ë–∏–±–ª–∏–æ—Ç–µ–∫–∞ –ø—Ä–æ–≥—Ä–∞–º–º–∏—Å—Ç–∞,tech
https://tlgrm.ru/channels/@itsorm,IT –∏ –°–û–†–ú,tech
https://tlgrm.ru/channels/@ikakprosto,–°–¢–ê–° –ë–û–ú–ë–ò–¢,tech
https://tlgrm.ru/channels/@computer_science_and_programming,Computer Science and Programing,tech
https://tlgrm.ru/channels/@andronews_official,Andro News,tech
https://tlgrm.ru/channels/@funscience,–ù–∞—É–∫–∞ –æ—Ç Funscience,tech
https://tlgrm.ru/channels/@vamtlgrm,–í–∞–º –¢–µ–ª–µ–≥—Ä–∞–º,tech
https://tlgrm.ru/channels/@nuancesprog,NOP::Nuances of programming,tech
https://tlgrm.ru/channels/@excel_everyday,Excel Everyday,tech
https://tlgrm.ru/channels/@hackerlucker,DarkNetNews,tech
https://tlgrm.ru/channels/@tginfo,Telegram Info,tech
https://tlgrm.ru/channels/@addmeto,addmeto,tech
https://tlgrm.ru/channels/@dataleak,–£—Ç–µ—á–∫–∏ –∏–Ω—Ñ–æ—Ä–º–∞—Ü–∏–∏,tech
https://tlgrm.ru/channels/@tlgdoc,Digital –î–æ–∫—Ç–æ—Ä,tech
https://tlgrm.ru/channels/@Lifeyt,–ñ–Æ,entertainment
https://tlgrm.ru/channels/@mudak,MDK,entertainment
https://tlgrm.ru/channels/@Cbpub,–ö–ë,entertainment
https://tlgrm.ru/channels/@dvachannel,2ch/–î–≤–∞—á,entertainment
https://tlgrm.ru/channels/@Lepragram,–õ–µ–ø—Ä–∞,entertainment
https://tlgrm.ru/channels/@yaplakal,Yaplakal.com,entertainment
https://tlgrm.ru/channels/@exboyfriend,–ë—ã–≤—à–∏–π,entertainment
https://tlgrm.ru/channels/@femalememestg,FEMALE MEMES,entertainment
https://tlgrm.ru/channels/@Reddit,Reddit,entertainment
https://tlgrm.ru/channels/@Ovsyanka,"–û–≤—Å—è–Ω–∫–∞, —Å—ç—Ä!",entertainment
https://tlgrm.ru/channels/@ru4chan,4chan,entertainment
https://tlgrm.ru/channels/@community_memy,–£–±–æ–π–Ω—ã–π —é–º–æ—Ä,entertainment
https://tlgrm.ru/channels/@smekh_rzhaka_shutki,–Æ–º–æ—Ä –∏ –ø—Ä–∏–∫–æ–ª—ã,entertainment
https://tlgrm.ru/channels/@rand2ch,2ch/Random,entertainment
https://tlgrm.ru/channels/@video_dolboeba,–í–∏–¥–µ–æ –î–æ–ª–±–æ—ë–±–∞,entertainment
https://tlgrm.ru/channels/@memes,Memes,entertainment
https://tlgrm.ru/channels/@hardchannel,–•–∞—Ä–¥–∫–æ—Ä,entertainment
https://tlgrm.ru/channels/@anekdoty_hot,–ê–Ω–µ–∫–¥–æ—Ç—ã | –ò—Å—Ç–æ—Ä–∏–∏| –ü—Ä–∏–∫–æ–ª—ã,entertainment
https://tlgrm.ru/channels/@paperpublic,–ë—É–º–∞–∂–Ω—ã–π —Å–∞–º–æ–ª—ë—Ç–∏–∫,entertainment
https://tlgrm.ru/channels/@retranslyator,r/–µ—Ç—Ä–∞–Ω—Å–ª—è—Ç–æ—Ä,entertainment
https://tlgrm.ru/channels/@Bromeeems,–ë—Ä–æ —Å–∫–∏–Ω—É–ª –º–µ–º,entertainment
https://tlgrm.ru/channels/@video_prikoly_yumor,–£–ª—ã–±–∞—Ç–æ—Ä,entertainment
https://tlgrm.ru/channels/@jqofa,—á–µ,entertainment
https://tlgrm.ru/channels/@Tiktok,TikTok | –¢–∏–∫ –¢–æ–∫,entertainment
https://tlgrm.ru/channels/@belamova,–ë–µ–ª–∞—Ä—É—Å—å –≥–æ–ª–æ–≤–Ω–æ–≥–æ –º–æ–∑–≥–∞,economics
https://tlgrm.ru/channels/@stalin_gulag,–°—Ç–∞–ª–∏–Ω–≥—É–ª–∞–≥,economics
https://tlgrm.ru/channels/@russica2,–ù–ï–ó–´–ì–ê–†–¨,economics
https://tlgrm.ru/channels/@ASupersharij,–ê–Ω–∞—Ç–æ–ª–∏–π –®–∞—Ä–∏–π,economics
https://tlgrm.ru/channels/@Sandymustache,–£—Å—ã –ü–µ—Å–∫–æ–≤–∞,economics
https://tlgrm.ru/channels/@boilerroomchannel,–ë–æ–π–ª–µ—Ä–Ω–∞—è,economics
https://tlgrm.ru/channels/@navalny,–ù–∞–≤–∞–ª—å–Ω—ã–π,economics
https://tlgrm.ru/channels/@maester,–ú–µ–π—Å—Ç–µ—Ä,economics
https://tlgrm.ru/channels/@banksta,–ë–∞–Ω–∫—Å—Ç–∞,economics
https://tlgrm.ru/channels/@polittemnik,–¢–µ–º–Ω–∏–∫,economics
https://tlgrm.ru/channels/@bloodysx,–ö—Ä–æ–≤–∞–≤–∞—è –±–∞—Ä—ã–Ω—è,economics
https://tlgrm.ru/channels/@kstati_p,–ö–°–¢–ê–¢–ò,economics
https://tlgrm.ru/channels/@rasstriga,–†–∞—Å—Å—Ç—Ä–∏–≥–∞,economics
https://tlgrm.ru/channels/@legitimniy,–õ–µ–≥–∏—Ç–∏–º–Ω—ã–π,economics
https://tlgrm.ru/channels/@aavst55,aavst,economics
https://tlgrm.ru/channels/@KremRU,–ö—Ä–µ–º,economics
https://tlgrm.ru/channels/@bitkogan,bitkogan,economics
https://tlgrm.ru/channels/@economika,–≠–∫–æ–Ω–æ–º–∏–∫–∞,economics
https://tlgrm.ru/channels/@AK47pfl,–†—ã–Ω–∫–∏–î–µ–Ω—å–≥–∏–í–ª–∞—Å—Ç—å | –†–î–í,economics
https://tlgrm.ru/channels/@kremlin_mother_expert,–ö—Ä–µ–º–ª—ë–≤—Å–∫–∏–π –º–∞–º–∫–æ–≤–µ–¥,economics
https://tlgrm.ru/channels/@politadequate,–ê–î–ï–ö–í–ê–¢,economics
https://tlgrm.ru/channels/@prezidentgordon,–ü—Ä–µ–∑–∏–¥–µ–Ω—Ç –ì–æ—Ä–¥–æ–Ω,economics
https://tlgrm.ru/channels/@karaulny,–ö–∞—Ä–∞—É–ª—å–Ω—ã–π,economics
https://tlgrm.ru/channels/@koko_by,–ú–µ—Ä–∑–∫–∏–π –ö–æ–∫–æ–±–∞–π,economics
https://tlgrm.ru/channels/@buff_10,10 –¥–æ–ª–ª–∞—Ä–æ–≤ –ë–∞—Ñ—Ñ–µ—Ç—Ç–∞,crypto
https://tlgrm.ru/channels/@investfuture,InvestFuture,crypto
https://tlgrm.ru/channels/@crypto_sekta,CRYPTO SEKTA,crypto
https://tlgrm.ru/channels/@DeCenter,DeCenter ‚Äì –ë–∏—Ç–∫–æ–∏–Ω –∏ –±–ª–æ–∫—á–µ–π–Ω,crypto
https://tlgrm.ru/channels/@Coin_Post,"Coin Post ‚Äì –î–µ–Ω—å–≥–∏, –∏–Ω–≤–µ—Å—Ç–∏—Ü–∏–∏, –±–∏—Ç–∫–æ–∏–Ω",crypto
https://tlgrm.ru/channels/@Tgram,Tgram üîú TON GRAM (Telegram Open Network),crypto
https://tlgrm.ru/channels/@forklog,ForkLog,crypto
https://tlgrm.ru/channels/@cryptoc,–ö—Ä–∏–ø—Ç–æ–≤–∞–ª—é—Ç—ã,crypto
https://tlgrm.ru/channels/@MinterNetwork,Minter (–†—É—Å—Å–∫–∏–π),crypto
https://tlgrm.ru/channels/@moneychanels,–¢–æ—Ä–≥–æ–≤—ã–π –ê–Ω–∞–ª–∏–∑ Profit Rate,crypto
https://tlgrm.ru/channels/@crypto_hike,‚Çø –ö—Ä–∏–ø—Ç–æ–≤—ã–π –ø–æ—Ö–æ–¥ ‚Çø,crypto
https://tlgrm.ru/channels/@LLPGRAM,LLP GRAM,crypto
https://tlgrm.ru/channels/@crypto_dancing,Crypto Dance,crypto
https://tlgrm.ru/channels/@EthereumIC,"Ethereum, –ë–∏—Ç–∫–æ–∏–Ω, –ë–ª–æ–∫—á–µ–π–Ω",crypto
https://tlgrm.ru/channels/@Cryptoreal,Cryptofuture,crypto
https://tlgrm.ru/channels/@Proffit_crypto,"Crypto-–ö—Ä–∏–ø—Ç–∞ - –∫—É—Ä—Å –∫—Ä–∏–ø—Ç–æ–≤–∞–ª—é—Ç –æ–Ω–ª–∞–π–Ω, –Ω–æ–≤–æ—Å—Ç–∏, –ø—Ä–æ–≥–Ω–æ–∑",crypto
https://tlgrm.ru/channels/@gen_m,Gennady M,crypto
https://tlgrm.ru/channels/@cryptoscnd,Decrypt,crypto
https://tlgrm.ru/channels/@Pro_Blockchain,PRO BLOCKCHAIN,crypto
https://tlgrm.ru/channels/@SpacePumping,SpacePumpüöÄüåî,crypto
https://tlgrm.ru/channels/@alfablock,AlfaBlock,crypto
https://tlgrm.ru/channels/@forklogfeed,ForkLog FEED,crypto
https://tlgrm.ru/channels/@otsipkript,–û—Ç—Å—ã–ø—å –ö—Ä–∏–ø—Ç—ã,crypto
https://tlgrm.ru/channels/@BitLenta,BitLenta üå≤üç∏,crypto
https://tlgrm.ru/channels/@free_edu,–ë–µ—Å–ø–ª–∞—Ç–Ω–æ–µ –æ–±—Ä–∞–∑–æ–≤–∞–Ω–∏–µ,education
https://tlgrm.ru/channels/@kosmostime,Kosmos Time | –ù–∞—É–∫–∞ | –§–∏–∑–∏–∫–∞,education
https://tlgrm.ru/channels/@studyqa,"StudyQA - –≥—Ä–∞–Ω—Ç—ã, —Å—Ç–∏–ø–µ–Ω–¥–∏–∏, –æ–±—É—á–µ–Ω–∏–µ –∑–∞ —Ä—É–±–µ–∂–æ–º",education
https://tlgrm.ru/channels/@nsmag,Naked Science,education
https://tlgrm.ru/channels/@mustreads,–ú–∞—Å—Ç—Ä–∏–¥—ã,education
https://tlgrm.ru/channels/@deutschephilosophiee,–ù–µ–º–µ—Ü–∫–∞—è —Ñ–∏–ª–æ—Å–æ—Ñ–∏—è | –ü–æ–ª–∏—Ç–∏–∫–∞,education
https://tlgrm.ru/channels/@OurOcean,–¢–∞–π–Ω—ã –û–∫–µ–∞–Ω–æ–≤ üêã,education
https://tlgrm.ru/channels/@deepinterest,–≠–ø–∏—Ü–µ–Ω—Ç—Ä –∑–Ω–∞–Ω–∏–π,education
https://tlgrm.ru/channels/@Lider_Stiv_Dzhobs,–û–±–æ–ª—å—â–∞–π –∏ –≤–ª–∞—Å—Ç–≤—É–π | –ü–æ–¥–∫–∞—Å—Ç,education
https://tlgrm.ru/channels/@BBSex,–ë–∏–±–ª–∏—è –°–µ–∫—Å–∞,education
https://tlgrm.ru/channels/@glvrdru,–ì–ª–∞–≤—Ä–µ–¥,education
https://tlgrm.ru/channels/@znayuvse777,–ò–ù–¢–ï–†–ï–°–ù–´–ï –§–ê–ö–¢–´,education
https://tlgrm.ru/channels/@lektorium,–õ–µ–∫—Ç–æ—Ä–∏–π,education
https://tlgrm.ru/channels/@History_inc,History | –ò—Å—Ç–æ—Ä–∏—è –∏ –∏–Ω—Ç–µ—Ä–µ—Å–Ω—ã–µ —Ñ–∞–∫—Ç—ã,education
https://tlgrm.ru/channels/@awdee,–û–¥–∏. –û –¥–∏–∑–∞–π–Ω–µ,education
https://tlgrm.ru/channels/@theworldisnoteasy,–ú–∞–ª–æ–∏–∑–≤–µ—Å—Ç–Ω–æ–µ –∏–Ω—Ç–µ—Ä–µ—Å–Ω–æ–µ,education
https://tlgrm.ru/channels/@History_of_the_Empire_Russia,–ò—Å—Ç–æ—Ä–∏—è –†–æ—Å—Å–∏–π—Å–∫–æ–π –ò–º–ø–µ—Ä–∏–∏,education
https://tlgrm.ru/channels/@educationfree,–ú–æ—ë –û–±—Ä–∞–∑–æ–≤–∞–Ω–∏–µ,education
https://tlgrm.ru/channels/@whereTest,Brainfeed,education
https://tlgrm.ru/channels/@physics_lib,Physics.Math.Code,education
https://tlgrm.ru/channels/@LostGen,–≠–ø–æ—Ö–∞ 90-—Ö,education
https://tlgrm.ru/channels/@shkolamishlenia,–®–∫–æ–ª–∞ –º—ã—à–ª–µ–Ω–∏—è. –í–æ—è–∂ –≤ —Å—Ç—Ä–∞–Ω—É –∑–∞–≥–∞–¥–æ–∫.,education
https://tlgrm.ru/channels/@SciFuck,–ù–∞—É—á–Ω—ã–π –§–∞–∫,education
https://tlgrm.ru/channels/@beinprogress,BE IN PROGRESS | –°–∞–º–æ—Ä–æ–∑–≤–∏—Ç–æ–∫,education
https://tlgrm.ru/channels/@Music_muzyka,–ü–æ–ø—É–ª—è—Ä–Ω–∞—è –ú—É–∑—ã–∫–∞ | –ù–æ–≤–∏–Ω–∫–∏ VK,music
https://tlgrm.ru/channels/@muzyka_muzika_tiktok,–ú—É–∑—ã–∫–∞ | Music Luxury üç∑,music
https://tlgrm.ru/channels/@Muzik,–ú—É–∑—ã–∫–∞ | Music 2020,music
https://tlgrm.ru/channels/@muzzzum_1,–ú—É–∑—ã–∫–∞ —Å–æ –≤–∫—É—Å–æ–º! üí¶,music
https://tlgrm.ru/channels/@muzkultura,–ú—É–∑–∫—É–ª—å—Ç—É—Ä–∞,music
https://tlgrm.ru/channels/@Top_Myzika2020,ùêìùêéùêè ùêåùêîùêíùêàùêÇ 2020,music
https://tlgrm.ru/channels/@deephouse_musik_soundspotify,Deep House,music
https://tlgrm.ru/channels/@mus_luxe,MUSIC | LUX‚öúÔ∏è,music
https://tlgrm.ru/channels/@mzkhit,–ú—É–∑—ã–∫–∞ | –ü–æ–ø—É–ª—è—Ä–Ω–∞—è | –¢—Ä–µ–∫–∏ | –í–∏–¥–µ–æ | –ù–æ–≤–∞—è,music
https://tlgrm.ru/channels/@music_by_mood,–ú—É–∑—ã–∫–∞ –ø–æ –Ω–∞—Å—Ç—Ä–æ–µ–Ω–∏—é,music
https://tlgrm.ru/channels/@klubnyak_muzon,–ú–£–ó–û–ù –ö–õ–£–ë–ù–Ø–ö REMIX,music
https://tlgrm.ru/channels/@HotPesny,üî•–ü–µ—Å–Ω–∏üî•,music
https://tlgrm.ru/channels/@felisto_muz,Felisto_muz,music
https://tlgrm.ru/channels/@zeykanm,–ú—É–∑—ã–∫–∞ –∏–∑ Tik Tok üéßü¶æ,music
https://tlgrm.ru/channels/@Mooz_booms,Mooz_booms,music
https://tlgrm.ru/channels/@classmus,–ö–ª–∞—Å—Å–∏—á–µ—Å–∫–∞—è –º—É–∑—ã–∫–∞,music
https://tlgrm.ru/channels/@hip_hop_music_top,Hip-Hop Music,music
https://tlgrm.ru/channels/@bassvlog_news,BASSVLOG NEWS,music
https://tlgrm.ru/channels/@TvoySeyfMusic,Tvoy seyf | –°–∫–∞—á–∞—Ç—å –º—É–∑—ã–∫—Éüîä,music
https://tlgrm.ru/channels/@eminemonline,Eminem,music
https://tlgrm.ru/channels/@rushuffle,–†—É—Å—Å–∫–∏–π —à–∞—Ñ—Ñ–ª,music
https://tlgrm.ru/channels/@thefreshmusic,FRESH¬†MUSIC 2020,music
https://tlgrm.ru/channels/@shams_i_zerin,–Ö‚Ñã·éØ‚Ñ≥–Ö_‚Ñê_‚Ñ§‚Ñ∞‚Ñõ‚Ñê‚Ñï ‚òÄÔ∏èüåô,music
https://tlgrm.ru/channels/@Top_M1_Gifs_Music,Top M1 üîù Music üéµVideos,music
https://tlgrm.ru/channels/@EnglishBestChannel,–ê–Ω–≥–ª–∏–π—Å–∫–∏–π —Å –Ω—É–ª—è,language
https://tlgrm.ru/channels/@slovar_psikhologia,–°–ª–æ–≤–∞—Ä–Ω—ã–π –∑–∞–ø–∞—Å | –°–∞–º–æ—Ä–∞–∑–≤–∏—Ç–∏–µ,language
https://tlgrm.ru/channels/@dailyeng,–ê–Ω–≥–ª–∏–π—Å–∫–∏–π —è–∑—ã–∫ üá¨üáß,language
https://tlgrm.ru/channels/@debilenglish,–∞–Ω–≥–ª–∏–π—Å–∫–∏–π –¥–ª—è –¥–µ–±–∏–ª–æ–≤,language
https://tlgrm.ru/channels/@deutschonline,–ù–µ–º–µ—Ü–∫–∏–π —è–∑—ã–∫,language
https://tlgrm.ru/channels/@slangbang,Slang Bang! / –°–ª—ç–Ω–≥ –ë—ç–Ω–≥!,language
https://tlgrm.ru/channels/@wow_english,–ê–Ω–≥–ª–∏–π—Å–∫–∏–π,language
https://tlgrm.ru/channels/@Dudetranslate,"–ö–∞–∫ —ç—Ç–æ –ø–µ—Ä–µ–≤–æ–¥–∏—Ç—Å—è, –ß—É–≤–∞–∫?",language
https://tlgrm.ru/channels/@five_english_words,5 —Å–ª–æ–≤ –Ω–∞ –∞–Ω–≥–ª–∏–π—Å–∫–æ–º,language
https://tlgrm.ru/channels/@CMBGUYS,Cambridge Guys,language
https://tlgrm.ru/channels/@english_in_tele,–ê–Ω–≥–ª–∏–π—Å–∫–∏–π —è–∑—ã–∫,language
https://tlgrm.ru/channels/@I_love_english_online,Movies & Books in English,language
https://tlgrm.ru/channels/@GrammarCards,Learn English Grammar Cards,language
https://tlgrm.ru/channels/@teacherus,–£—á–∏—Ç–µ–ª—å —Ä—É—Å—Å–∫–æ–≥–æ | –†—É—Å—Å–∫–∏–π —è–∑—ã–∫,language
https://tlgrm.ru/channels/@gramota,–ì—Ä–∞–º–æ—Ç–Ω–æ—Å—Ç—å (—Ä—É—Å—Å–∫–∏–π —è–∑—ã–∫),language
https://tlgrm.ru/channels/@thinkenglish,Think English,language
https://tlgrm.ru/channels/@zapiski_redaktorki,–ó–∞–ø–∏—Å–∫–∏ —Ä–µ–¥–∞–∫—Ç–æ—Ä–∫–∏,language
https://tlgrm.ru/channels/@notthelesson,NotTheLesson,language
https://tlgrm.ru/channels/@english_yopta,english yopta,language
https://tlgrm.ru/channels/@pesheralingvista,–ü–µ—â–µ—Ä–∞ –ª–∏–Ω–≥–≤–∏—Å—Ç–∞,language
https://tlgrm.ru/channels/@naladoshke,–ò–Ω–≥–ª–∏—à –Ω–∞ –ª–∞–¥–æ—à–∫–µ,language
https://tlgrm.ru/channels/@brokoledu,–£–º–Ω—ã–π –ë—Ä–æ–∫–∫–æ–ª—å | –ì—Ä–∞–º–æ—Ç–Ω–æ—Å—Ç—å,language
https://tlgrm.ru/channels/@novoeslovo,–ù–û–í–û–ï –°–õ–û–í–û,language
https://tlgrm.ru/channels/@stylishgerman,–ù–µ–º–µ—Ü–∫–∏–π —è–∑—ã–∫ –≤ —Å–ª–æ–≤–∞—Ö,language
https://tlgrm.ru/channels/@ikniga,–ö–Ω–∏–≥–∏ –Ω–∞ –º–∏–ª–ª–∏–æ–Ω | –±–∏–∑–Ω–µ—Å –±–ª–æ–≥,business
https://tlgrm.ru/channels/@silaknigi,–°–∏–ª–∞ –ö–Ω–∏–≥–∏ | –ê—É–¥–∏–æ–∫–Ω–∏–≥–∏ | Flibusta,business
https://tlgrm.ru/channels/@lemonfortea,–õ–∏–º–æ–Ω –Ω–∞ —á–∞–π,business
https://tlgrm.ru/channels/@Leonezzo,–ë–∏–∑–Ω–µ—Å –ò–¥–µ–∏ 2.0,business
https://tlgrm.ru/channels/@Jurist,–Æ–†–ò–°–¢ –ï–í–ì–ï–ù–ò–ô –®–£–ü–ò–ö–û–í,business
https://tlgrm.ru/channels/@markettwits,MarketTwits,business
https://tlgrm.ru/channels/@sharewoodbiz,SHAREWOOD,business
https://tlgrm.ru/channels/@TransformatorTV,–¢—Ä–∞–Ω—Å—Ñ–æ—Ä–º–∞—Ç–æ—Ä,business
https://tlgrm.ru/channels/@AyazShabutdinov,–ê—è–∑ –®–∞–±—É—Ç–¥–∏–Ω–æ–≤,business
https://tlgrm.ru/channels/@temno,–¢—ë–º–Ω–∞—è —Å—Ç–æ—Ä–æ–Ω–∞,business
https://tlgrm.ru/channels/@tinkoff_invest_official,–¢–∏–Ω—å–∫–æ—Ñ—Ñ –ò–Ω–≤–µ—Å—Ç–∏—Ü–∏–∏,business
https://tlgrm.ru/channels/@rybakovigor,–ú—ã—Å–ª–∏ –ú–∏–ª–ª–∏–∞—Ä–¥–µ—Ä–∞ | –ò–≥–æ—Ä—å –†—ã–±–∞–∫–æ–≤,business
https://tlgrm.ru/channels/@Biznes_Potok,–ë–∏–∑–Ω–µ—Å –ø–æ—Ç–æ–∫,business
https://tlgrm.ru/channels/@cashroyal_biz,Royal cash,business
https://tlgrm.ru/channels/@busintop,–ë–∏–∑–Ω–µ—Å - –ü—Ä–µ–¥–ø—Ä–∏–Ω–∏–º–∞—Ç–µ–ª—å,business
https://tlgrm.ru/channels/@business_ink,–î–µ–Ω–µ–∂–Ω—ã–π –≤–æ–¥–æ–ø–∞–¥,business
https://tlgrm.ru/channels/@povorotnapravo,–ü–æ–≤–æ—Ä–æ—Ç –Ω–∞ –ü—Ä–∞–≤–æ,business
https://tlgrm.ru/channels/@bablishkochannel,–ë–∞–±–ª–∏—à–∫–æ,business
https://tlgrm.ru/channels/@OpenMedia,¬´–û—Ç–∫—Ä—ã—Ç—ã–µ –º–µ–¥–∏–∞¬ª. –≠–∫—Å–∫–ª—é–∑–∏–≤—ã,business
https://tlgrm.ru/channels/@truebusiness,–°–æ–≤—Ä–µ–º–µ–Ω–Ω—ã–π –ë–∏–∑–Ω–µ—Å,business
https://tlgrm.ru/channels/@forbes_blog,–ü—É—Ç—å –≤ Forbes | –ë–∏–∑–Ω–µ—Å –¥–µ–Ω—å–≥–∏,business
https://tlgrm.ru/channels/@digitalbiss,–ë–ò–ó–ù–ï–° DIGITAL,business
https://tlgrm.ru/channels/@peaceofbiz,–ë–∏–∑–Ω–µ—Å.com,business
https://tlgrm.ru/channels/@startupoftheday,–°—Ç–∞—Ä—Ç–∞–ø –¥–Ω—è –ì–æ—Ä–Ω–æ–≥–æ –ê–ª–µ–∫—Å–∞–Ω–¥—Ä–∞,business
https://tlgrm.ru/channels/@SilaSlov,–°–∞–º–æ—Ä–∞–∑–≤–∏—Ç–∏–µ | –ü—Å–∏—Ö–æ–ª–æ–≥–∏—è | –ö–Ω–∏–≥–∏,psychology
https://tlgrm.ru/channels/@PsyEducation,–ü—Å–∏—Ö–æ–ª–æ–≥–∏—è,psychology
https://tlgrm.ru/channels/@kurs_obrazovanie,52 –Ω–µ–¥–µ–ª–∏ –æ–¥–µ—Ä–∂–∏–º–æ—Å—Ç–∏ | –º–æ—Ç–∏–≤–∞—Ü–∏—è,psychology
https://tlgrm.ru/channels/@ThinkCritical,–ö—Ä–∏—Ç–∏—á–µ—Å–∫–æ–µ –º—ã—à–ª–µ–Ω–∏–µ,psychology
https://tlgrm.ru/channels/@Investor_investicii,–î–µ–Ω—å –º–∏–Ω–∏–º–∞–ª–∏—Å—Ç–∞ | –°–∞–º–æ—Ä–∞–∑–≤–∏—Ç–∏–µ,psychology
https://tlgrm.ru/channels/@dianalysis,–î–Ω–µ–≤–Ω–∏–∫ –ø—Å–∏—Ö–æ—Ç–µ—Ä–∞–ø–µ–≤—Ç–∞,psychology
https://tlgrm.ru/channels/@iDecency,–ü–æ—Ä—è–¥–æ—á–Ω–æ—Å—Ç—å,psychology
https://tlgrm.ru/channels/@psychics,–ü—Å–∏—Ö–æ–ª–æ–≥–∏—è,psychology
https://tlgrm.ru/channels/@Social_engineering,Social Engineering,psychology
https://tlgrm.ru/channels/@gdelove,–ë—Ä–∞–∫ –∏ –æ—Ç–Ω–æ—à–µ–Ω–∏—è | –ø—Å–∏—Ö–æ–ª–æ–≥–∏—è –ø—Å–∏—Ö–æ–∞–Ω–∞–ª–∏–∑,psychology
https://tlgrm.ru/channels/@psikhologia1,–ò–Ω—å & –Ø–Ω—å | –ü—Å–∏—Ö–æ–ª–æ–≥–∏—è,psychology
https://tlgrm.ru/channels/@psyfb2,–ö–Ω–∏–≥–∏ –ø–æ –ø—Å–∏—Ö–æ–ª–æ–≥–∏–∏ (FB2),psychology
https://tlgrm.ru/channels/@ProProfiling,"–ü—Ä–æ—Ñ–∞–π–ª–∏–Ω–≥, –Ω–µ–π—Ä–æ—Ç–µ—Ö–Ω–æ–ª–æ–≥–∏–∏ –∏ –¥–µ—Ç–µ–∫—Ü–∏—è –ª–∂–∏",psychology
https://tlgrm.ru/channels/@selfprogress,–°–∞–º–æ—Ä–∞–∑–≤–∏—Ç–∏–µ,psychology
https://tlgrm.ru/channels/@psymelancholy,–ú–µ–ª–∞–Ω—Ö–æ–ª–∏—è,psychology
https://tlgrm.ru/channels/@psyhologiaaa,–ü—Å–∏—Ö–æ–ª–æ–≥–∏—è,psychology
https://tlgrm.ru/channels/@olgavalyaeva,üå∏ –í–∞–ª—è–µ–≤–∞ –û–ª—å–≥–∞. –û –ñ–µ–Ω—Å–∫–æ–º –°—á–∞—Å—Ç—å–µ,psychology
https://tlgrm.ru/channels/@transu,–£–ø—Ä–∞–≤–ª–µ–Ω–∏–µ –†–µ–∞–ª—å–Ω–æ—Å—Ç—å—é | –ü—Å–∏—Ö–æ–ª–æ–≥–∏—è | –¢—Ä–∞–Ω—Å–µ—Ä—Ñ–∏–Ω–≥,psychology
https://tlgrm.ru/channels/@Akinformation,–ê–ª–µ–∫—Å–∞–Ω–¥—Ä –ö–æ—Ä–æ–ª—å | –†–∞–∑–≤–∏—Ç–∏–µ,psychology
https://tlgrm.ru/channels/@zen_education,–î–∑–µ–Ω,psychology
https://tlgrm.ru/channels/@clinicalpsychoanalysis,–ö–ª–∏–Ω–∏—á–µ—Å–∫–∏–π –ø—Å–∏—Ö–æ–∞–Ω–∞–ª–∏–∑,psychology
https://tlgrm.ru/channels/@psikhologia_vgolove,–ß—Ç–æ –≤ –≥–æ–ª–æ–≤–µ? | –ü—Å–∏—Ö–æ–ª–æ–≥–∏—è | –°–∞–º–æ—Ä–∞–∑–≤–∏—Ç–∏–µ,psychology
https://tlgrm.ru/channels/@Psihollrazum,–ò—Å–∫—É—Å—Å—Ç–≤–æ –°–Ω–æ–≤–∏–¥–µ–Ω–∏–π,psychology
https://tlgrm.ru/channels/@peregovorim,–ü–µ—Ä–µ–≥–æ–≤–æ—Ä—â–∏–∫,psychology
https://tlgrm.ru/channels/@smmrus,–†—É—Å—Å–∫–∏–π –º–∞—Ä–∫–µ—Ç–∏–Ω–≥,marketing
https://tlgrm.ru/channels/@INSTAumka,–ò–Ω—Å—Ç–∞–≥—Ä–∞–º–æ—Ç–Ω–æ—Å—Ç—å,marketing
https://tlgrm.ru/channels/@blogsmm,–ö–∞–Ω–∞–ª –ª–µ–Ω–∏–≤–æ–≥–æ SMM—â–∏–∫–∞,marketing
https://tlgrm.ru/channels/@dnative,üëæ DNative - –±–ª–æ–≥ –ø—Ä–æ SMM –∏ Instagram,marketing
https://tlgrm.ru/channels/@websstudio,Gutnik Oleg ¬∑ Facebook target,marketing
https://tlgrm.ru/channels/@marketpsy,–ü—Å–∏—Ö–æ–ª–æ–≥–∏—è –ú–∞—Ä–∫–µ—Ç–∏–Ω–≥–∞,marketing
https://tlgrm.ru/channels/@redsmm,–ë–∞—Ç—è —É–¥–∞–ª—ë–Ω–∫–∏ | –ö—É–¥—Ä—è—à–æ–≤ –î–º–∏—Ç—Ä–∏–π,marketing
https://tlgrm.ru/channels/@marketing_smm,–ë–∏–∑–Ω–µ—Å –∏ —Å–æ—Ü–∏–∞–ª—å–Ω—ã–µ —Å–µ—Ç–∏ üîë,marketing
https://tlgrm.ru/channels/@Digitalmrktng,–†–µ–∫–ª–∞–º—â–∏–∫ –æ—Ç –ë–æ–≥–∞,marketing
https://tlgrm.ru/channels/@GuerrillaMarketing,–ü–∞—Ä—Ç–∏–∑–∞–Ω—Å–∫–∏–π –ú–∞—Ä–∫–µ—Ç–∏–Ω–≥,marketing
https://tlgrm.ru/channels/@MarketingInPicture,–ú–∞—Ä–∫–µ—Ç–∏–Ω–≥ –≤ –∫–∞—Ä—Ç–∏–Ω–∫–∞—Ö | –ü—Ä–æ–¥–∞–∂–∏ –∫–∞–∫ –∏—Å–∫—É—Å—Å—Ç–≤–æ,marketing
https://tlgrm.ru/channels/@postanovich_smm,–û–¥–∏–Ω –¥–µ–Ω—å SMM-—â–∏–∫–∞,marketing
https://tlgrm.ru/channels/@digitalrussian,–†—É—Å—Å–∫–∏–π –¥–∏–¥–∂–∏—Ç–∞–ª,marketing
https://tlgrm.ru/channels/@marketerbest,–ó–∞–ø–∏—Å–∫–∏ –º–∞—Ä–∫–µ—Ç–æ–ª–æ–≥–∞,marketing
https://tlgrm.ru/channels/@digital_masons,Digital masons,marketing
https://tlgrm.ru/channels/@inshowblog,INSHOW ‚Äî —Ç–≤–æ—è digital-–±–∏–±–ª–∏–æ—Ç–µ–∫–∞,marketing
https://tlgrm.ru/channels/@ppc_analytics,–ö–æ–Ω—Ç–µ–∫—Å—Ç–Ω–∞—è —Ä–µ–∫–ª–∞–º–∞ |Google Ads |–î–∏—Ä–µ–∫—Ç |CPA |PPC |GTM |AdWords |–ê–Ω–∞–ª–∏—Ç–∏–∫–∞ |–ú–∞—Ä–∫–µ—Ç–∏–Ω–≥ |Analytics,marketing
https://tlgrm.ru/channels/@profimlm,–ü—Ä–æ—Ñ–∏ MLM | –°—Ç–∞–Ω–∏—Å–ª–∞–≤ –°–∞–Ω–Ω–∏–∫–æ–≤,marketing
https://tlgrm.ru/channels/@mmarktng,–ú–∞—Ä–∫–µ—Ç–æ–ª–æ–≥,marketing
https://tlgrm.ru/channels/@digital_bdsm,Digital BDSMM,marketing
https://tlgrm.ru/channels/@cpalike,–î–æ–≤–æ–ª—å–Ω—ã–π –∞—Ä–±–∏—Ç—Ä–∞–∂–Ω–∏–∫ —Ç—Ä–∞—Ñ–∏–∫–∞,marketing
https://tlgrm.ru/channels/@WhatToReadMarketing,–ß—Ç–æ –ø–æ—á–∏—Ç–∞—Ç—å?,marketing
https://tlgrm.ru/channels/@epicgrowth,Epic Growth Channel,marketing
https://tlgrm.ru/channels/@golovco,–°–∫—Ä–æ–º–Ω—ã–π –ú–∞—Ä–∫–µ—Ç–æ–ª–æ–≥,marketing
https://tlgrm.ru/channels/@alenavladimirskaya,–í–∞–∫–∞–Ω—Å–∏–∏ –æ—Ç –ê–ª—ë–Ω—ã –í–ª–∞–¥–∏–º–∏—Ä—Å–∫–æ–π,career
https://tlgrm.ru/channels/@frilans_rabota_vakansii,–£—Å—Ç–∞–≤—à–∏–π —Ñ—Ä–∏–ª–∞–Ω—Å–µ—Ä | –ó–∞–º–µ—Ç–∫–∏,career
https://tlgrm.ru/channels/@onlinevakansii,–£–¥–∞–ª–µ–Ω–Ω–∞—è —Ä–∞–±–æ—Ç–∞ - –í–∞–∫–∞–Ω—Å–∏–∏,career
https://tlgrm.ru/channels/@freelancetaverna,–§—Ä–∏–ª–∞–Ω—Å –¢–∞–≤–µ—Ä–Ω–∞ | –£–¥–∞–ª–µ–Ω–Ω–∞—è —Ä–∞–±–æ—Ç–∞,career
https://tlgrm.ru/channels/@normrabota,–ù–æ—Ä–º —Ä–∞–±–æ—Ç–∞,career
https://tlgrm.ru/channels/@castings,–ö–∞—Å—Ç–∏–Ω–≥–∏ –≤ –ú–æ—Å–∫–≤–µ,career
https://tlgrm.ru/channels/@remowork_ru,Remowork - —É–¥–∞–ª–µ–Ω–Ω–∞—è —Ä–∞–±–æ—Ç–∞,career
https://tlgrm.ru/channels/@jobs_in_dubai,Jobs in Dubai,career
https://tlgrm.ru/channels/@newdirections,New directions: —Å—Ç–∞–∂–∏—Ä–æ–≤–∫–∏ –∏ –≤–æ–ª–æ–Ω—Ç—ë—Ä—Å—Ç–≤–∞,career
https://tlgrm.ru/channels/@brain_drain_ru,Brain drain,career
https://tlgrm.ru/channels/@distantsiya,Distantsiya,career
https://tlgrm.ru/channels/@workfreelancer,–§—Ä–∏–ª–∞–Ω—Å–µ—Ä: –≤–∞–∫–∞–Ω—Å–∏–∏ –Ω–∞ —É–¥–∞–ª–µ–Ω–∫–µ,career
https://tlgrm.ru/channels/@bezaspera,–ë–µ–∑ aspera ad astra,career
https://tlgrm.ru/channels/@designer_ru,–ò–©–£_–î–ò–ó–ê–ô–ù–ï–†–ê,career
https://tlgrm.ru/channels/@perezvonyu,–ú—ã –≤–∞–º –ø–µ—Ä–µ–∑–≤–æ–Ω–∏–º,career
https://tlgrm.ru/channels/@yojob,Dream Job - –í–∞–∫–∞–Ω—Å–∏–∏,career
https://tlgrm.ru/channels/@finexecutive,FinExecutive #1 in finance jobs,career
https://tlgrm.ru/channels/@yourcareer,Dream Job - –ö–∞—Ä—å–µ—Ä–∞,career
https://tlgrm.ru/channels/@careerspace,careerspace,career
https://tlgrm.ru/channels/@digitalbroccoli,Broccoli Freelance,career
https://tlgrm.ru/channels/@marketing_jobs,Marketing jobs,career
https://tlgrm.ru/channels/@vdhl_good,VDHL.RU,career
https://tlgrm.ru/channels/@remoteit,Remote IT (Inflow),career
https://tlgrm.ru/channels/@Rabota_Kazan_116,–†–∞–±–æ—Ç–∞ –ö–∞–∑–∞–Ω—å,career
https://tlgrm.ru/channels/@movies_filmy,–§–∏–ª—å–º—ã | –°–µ—Ä–∏–∞–ª—ã,video
https://tlgrm.ru/channels/@kinogoo_film,Kinogo | –ù–æ–≤–∏–Ω–∫–∏ –ö–∏–Ω–æ,video
https://tlgrm.ru/channels/@FilmsFHD,–§–∏–ª—å–º—ã HD,video
https://tlgrm.ru/channels/@TBOE_TB,–¢–≤–æ—ë –¢–í | –§–∏–ª—å–º—ã –∏ –°–µ—Ä–∏–∞–ª—ã,video
https://tlgrm.ru/channels/@kinogo_film,KINOGRAM | –§–∏–ª—å–º—ã 2020,video
https://tlgrm.ru/channels/@serialy_tv,–°–µ—Ä–∏–∞–ª—ã | –û–ª—å–≥–∞ | –ì—Ä–∞–Ω–¥ | –õ—é—Ü–∏—Ñ–µ—Ä,video
https://tlgrm.ru/channels/@kukhnya_filmy_avatar,–§–∏–ª—å–º—ã | –ü–æ—Å–ª–µ 2,video
https://tlgrm.ru/channels/@KinoBoomHD,KinoBoom | –§–∏–ª—å–º—ã-–°–µ—Ä–∏–∞–ª—ã HD,video
https://tlgrm.ru/channels/@kinopoisk,–ö–∏–Ω–æ–ü–æ–∏—Å–∫,video
https://tlgrm.ru/channels/@filmy,–§–∏–ª—å–º—ã –±–µ—Å–ø–ª–∞—Ç–Ω–æ!üî•,video
https://tlgrm.ru/channels/@tvlab,IPTV Free,video
https://tlgrm.ru/channels/@moviehorse,–ö–∏–Ω–æ–∫–ª—è—á–∞,video
https://tlgrm.ru/channels/@Kinomania_film,–ù–æ–≤–∏–Ω–∫–∏ –ö–∏–Ω–æ –û–Ω–ª–∞–π–Ω,video
https://tlgrm.ru/channels/@kinozalx,–ö–∏–Ω–æ–∑–∞–ª | –§–∏–ª—å–º—ã –ö–∏–Ω–æ –°–µ—Ä–∏–∞–ª—ã,video
https://tlgrm.ru/channels/@dudefilm,"–ß—Ç–æ –ø–æ—Å–º–æ—Ç—Ä–µ—Ç—å, –ß—É–≤–∞–∫?",video
https://tlgrm.ru/channels/@kinoza,–§–∏–ª—å–º—ã –≤ –¢–µ–ª–µ–≥—Ä–∞–º (–ö–∏–Ω–æ_Like),video
https://tlgrm.ru/channels/@comedyTG,–ö–æ–º–µ–¥–∏–∏ –û–Ω–ª–∞–π–Ω,video
https://tlgrm.ru/channels/@mashaiimedved,–ú–∞—à–∞ –∏ –ú–µ–¥–≤–µ–¥—å,video
https://tlgrm.ru/channels/@mustwatch,–ú–∞—Å—Ç–≤–æ—Ç—á,video
https://tlgrm.ru/channels/@AnimeVosts,AnimeVost,video
https://tlgrm.ru/channels/@kinobar_top,üìΩ KINOBAR | –§–∏–ª—å–º—ã 2020,video
https://tlgrm.ru/channels/@ZonaFilms,üìΩüìΩüìΩ–°–ú–û–¢–†–ï–¢–¨ –ö–ò–ù–û|–§–ò–õ–¨–ú–´ –ò –°–ö–ê–ß–ê–¢–¨ –ö–ò–ù–û|–§–ò–õ–¨–ú–´ #1,video
https://tlgrm.ru/channels/@Multiki9,–ú—É–ª—å—Ç–∏–∫–∏ –∏ –ú—É–ª—å—Ç—Ñ–∏–ª—å–º—ã,video
https://tlgrm.ru/channels/@filmyonlin,–ù–æ–≤–∏–Ω–∫–∏ –ö–∏–Ω–æ HD / –§–∏–ª—å–º—ã –û–Ω–ª–∞–π–Ω,video
https://tlgrm.ru/channels/@flibusta_anglysky,–ö–Ω–∏–≥–∏ –ó–Ω–∞–Ω–∏–π | –ê—É–¥–∏–æ–∫–Ω–∏–≥–∏,books
https://tlgrm.ru/channels/@flibusta,–ö–Ω–∏–∂–Ω–æ–µ –±—Ä–∞—Ç—Å—Ç–≤–æ,books
https://tlgrm.ru/channels/@audioknigi_channel0,–ê—É–¥–∏–æ–∫–Ω–∏–≥–∏,books
https://tlgrm.ru/channels/@amazingbooks,–ö–Ω–∏–≥–∏ –∏ –ê—É–¥–∏–æ–∫–Ω–∏–≥–∏ Flibusta,books
https://tlgrm.ru/channels/@biblio,–ë–∏–±–ª–∏–æ—Ç–µ–∫–∞. –†–∞—Å—Å–∫–∞–∑—ã. –ö–Ω–∏–≥–∏,books
https://tlgrm.ru/channels/@shlitbookss,–®–µ–¥–µ–≤—Ä—ã –ª–∏—Ç–µ—Ä–∞—Ç—É—Ä—ã - –ö–Ω–∏–≥–∏,books
https://tlgrm.ru/channels/@booksfox,–ö–Ω–∏–∂–Ω—ã–π –õ–∏—Å ü¶äüìö,books
https://tlgrm.ru/channels/@b_biblioteka,–ë–æ–ª—å—à–∞—è –±–∏–±–ª–∏–æ—Ç–µ–∫–∞üìö|–ö–Ω–∏–≥–∏,books
https://tlgrm.ru/channels/@knijky,–£—é—Ç–Ω–∞—è –ë–∏–±–ª–∏–æ—Ç–µ–∫–∞,books
https://tlgrm.ru/channels/@memoryofpoets,–°—Ç–∏—Ö–∏ –¥–∞–≤–Ω–æ –∑–∞–±—ã—Ç–æ–≥–æ –ø–æ—ç—Ç–∞,books
https://tlgrm.ru/channels/@truecrime,–ù–∞—Å—Ç–æ—è—â–µ–µ –ü—Ä–µ—Å—Ç—É–ø–ª–µ–Ω–∏–µ,books
https://tlgrm.ru/channels/@literabook,–õ–∏—Ç–µ—Ä–∞—Ç—É—Ä–∞,books
https://tlgrm.ru/channels/@technobooks,TechBooks - –∫–Ω–∏–≥–∏ –¥–ª—è –ø—Ä–æ–≥—Ä–∞–º–º–∏—Å—Ç–æ–≤,books
https://tlgrm.ru/channels/@audio_booteka,–ê—É–¥–∏–æ–∫–Ω–∏–≥–∏ | Audiobooteka,books
https://tlgrm.ru/channels/@literabooks,–õ–∏—Ç–µ—Ä–∞—Ç—É—Ä–∞,books
https://tlgrm.ru/channels/@fairytaledaily,–ü–∞–ø–∏–Ω—ã —Å–∫–∞–∑–∫–∏ (: –∞—É–¥–∏–æ—Å–∫–∞–∑–∫–∏ :),books
https://tlgrm.ru/channels/@fifty2books,52 –ö–Ω–∏–≥–∏ üìö,books
https://tlgrm.ru/channels/@cultpop,Cultpop,books
https://tlgrm.ru/channels/@duosoft_books,–ö–Ω–∏–∂–Ω—ã–π –í–µ—Å—Ç–Ω–∏–∫,books
https://tlgrm.ru/channels/@b_quotes,–¶–∏—Ç–∞—Ç—ã –∏–∑ –∫–Ω–∏–≥,books
https://tlgrm.ru/channels/@chekhovpishet,–ß–µ—Ö–æ–≤ –ü–∏—à–µ—Ç,books
https://tlgrm.ru/channels/@audikniga,–í–∑—Ä—ã–≤–Ω—ã–µ –∞—É–¥–∏–æ–∫–Ω–∏–≥–∏,books
https://tlgrm.ru/channels/@biggakniga,–¢–æ–ª—â–µ —Ç–≤–∏—Ç—Ç–µ—Ä–∞,books
https://tlgrm.ru/channels/@skazkiaudio,–ñ–∏–≤—ã–µ –°–∫–∞–∑–∫–∏ (–∞—É–¥–∏–æ—Å–∫–∞–∑–∫–∏),books
https://tlgrm.ru/channels/@QryaProDucktion,–ù–∞—Å—Ç–æ—è—â–∏–π –†–∞–¥–∏–æ–£—Ç–∫–∏–Ω,fitness
https://tlgrm.ru/channels/@runforhealth,–ë–µ–≥–∞—Ç—å –ø—Ä–æ—Å—Ç–æ,fitness
https://tlgrm.ru/channels/@fiztransform,Physical Transformation,fitness
https://tlgrm.ru/channels/@FitnessRU,–ú–∏—Ä –§–∏—Ç–Ω–µ—Å–∞ | FitnessRU,fitness
https://tlgrm.ru/channels/@offsider,–ú—É—Ç–∫–æ –ø—Ä–æ—Ç–∏–≤,fitness
https://tlgrm.ru/channels/@futbol81,Football Review | –°–º–æ—Ç—Ä–∏ –§—É—Ç–±–æ–ª.Futbol81,fitness
https://tlgrm.ru/channels/@footballworld2019,–§—É—Ç–±–æ–ª –ï–≤—Ä–æ–ø—ã | –õ–∏–≥–∞ –ß–µ–º–ø–∏–æ–Ω–æ–≤,fitness
https://tlgrm.ru/channels/@Skoromnyy,–°–∫–æ—Ä–æ–º–Ω—ã–π,fitness
https://tlgrm.ru/channels/@championat,–ß–µ–º–ø–∏–æ–Ω–∞—Ç,fitness
https://tlgrm.ru/channels/@batiaSort,–ü—Ä–æ–≥—Ä–∞–º–º–∞ —Å–ø–æ—Ä—Ç–∏–≤–Ω—ã–π –º–∞—Å—Ç–µ—Ä | –ó–∞–º–µ—Ç–∫–∏,fitness
https://tlgrm.ru/channels/@football_24_7,–§—É—Ç–±–æ–ª 24/7,fitness
https://tlgrm.ru/channels/@footbol_world,–§—É—Ç–±–æ–ª—å–Ω—ã–π –ú–∏—Ä,fitness
https://tlgrm.ru/channels/@nogibogi,–ù–æ–≥–∏–±–æ–≥–∏,fitness
https://tlgrm.ru/channels/@football24ru,–§—É—Ç–±–æ–ª 24 | Football24.ru,fitness
https://tlgrm.ru/channels/@fitnesc,–§–∏—Ç–Ω–µ—Å –∫–ª—É–±,fitness
https://tlgrm.ru/channels/@ChampionsLea,Champions League UEFA | –õ–∏–≥–∞ –ß–µ–º–ø–∏–æ–Ω–æ–≤ –£–ï–§–ê,fitness
https://tlgrm.ru/channels/@televizor30,–¢–µ–ª–µ–≤–∏–∑–æ—Ä 3.0,fitness
https://tlgrm.ru/channels/@DailyInside,–ù–ï–ù–û–ë–ï–õ–¨,fitness
https://tlgrm.ru/channels/@hudeite,1000 –ü–†–ò–ß–ò–ù –ü–û–•–£–î–ï–¢–¨,fitness
https://tlgrm.ru/channels/@united_manchester,–ú–∞–Ω—á–µ—Å—Ç–µ—Ä –Æ–Ω–∞–π—Ç–µ–¥,fitness
https://tlgrm.ru/channels/@ChampionsLe,League Champions ‚Äî –õ–∏–≥–∞ –ß–µ–º–ø–∏–æ–Ω–æ–≤,fitness
https://tlgrm.ru/channels/@liverpool_f,Liverpool FC | –õ–∏–≤–µ—Ä–ø—É–ª—å,fitness
https://tlgrm.ru/channels/@zenitspb,–§–ö –ó–ï–ù–ò–¢,fitness
https://tlgrm.ru/channels/@spartakkb,–°–ü–ê–†–¢–ê–ö –ú–û–°–ö–í–ê,fitness
https://tlgrm.ru/channels/@vandroukiru,RU|–°–ø–æ—Å–æ–±—ã –ø—É—Ç–µ—à–µ—Å—Ç–≤–æ–≤–∞—Ç—å –ø–æ—á—Ç–∏ –±–µ—Å–ø–ª–∞—Ç–Ω–æ,travel
https://tlgrm.ru/channels/@tripmydream,tripmydream,travel
https://tlgrm.ru/channels/@piratesru,–ü—É—Ç–µ—à–µ—Å—Ç–≤—É–π –¥–µ—à–µ–≤–æ Piratesru,travel
https://tlgrm.ru/channels/@travelradar,"TravelRadar ‚Äî –¥–µ—à–µ–≤—ã–µ –∞–≤–∏–∞–±–∏–ª–µ—Ç—ã, —Ç—É—Ä—ã, –ø—É—Ç–µ—à–µ—Å—Ç–≤–∏—è",travel
https://tlgrm.ru/channels/@samokatus,–ê–∫—Ü–∏–∏ –∏ —Ä–∞—Å–ø—Ä–æ–¥–∞–∂–∏ | –°–∞–º–æ–∫–∞—Ç—É—Å,travel
https://tlgrm.ru/channels/@tra7el,"TRA7EL ‚úàÔ∏è –ü—É—Ç–µ—à–µ—Å—Ç–≤–∏—è, –¢—É—Ä–∏–∑–º",travel
https://tlgrm.ru/channels/@triptodreamru,TripToDream,travel
https://tlgrm.ru/channels/@travel100500miles,100500miles.ru,travel
https://tlgrm.ru/channels/@luckywings,–¢–£–† –°–ö–ê–ù–ï–† –¥–ª—è –ú–°–ö –∏ –°–ü–ë,travel
https://tlgrm.ru/channels/@travelhacks,"Travelhacks - –ø—É—Ç–µ—à–µ—Å—Ç–≤–∏—è, –ª–∞–π—Ñ—Ö–∞–∫–∏",travel
https://tlgrm.ru/channels/@aviasales,Aviasales,travel
https://tlgrm.ru/channels/@tripmix,–ü–æ–¥–æ—Ä–æ–∂—É–π –¥–µ—à–µ–≤–æ,travel
https://tlgrm.ru/channels/@guide_tourism,–ü—É—Ç–µ—à–µ—Å—Ç–≤–∏—è,travel
https://tlgrm.ru/channels/@apartforrent,–ê–ø–∞—Ä—Ç–∞–º–µ–Ω—Ç—ã –∏ –≤–∏–ª–ª—ãüè° –¥–ª—è –æ—Ç–¥—ã—Ö–∞,travel
https://tlgrm.ru/channels/@travelbelka,Travelbelka,travel
https://tlgrm.ru/channels/@vata_usa,–í–∞—Ç–Ω–∏–∫ –≤ –ê–º–µ—Ä–∏–∫–µ,travel
https://tlgrm.ru/channels/@tripdiary,–ò–Ω—Ç–µ—Ä–µ—Å–Ω–∞—è –ø–ª–∞–Ω–µ—Ç–∞,travel
https://tlgrm.ru/channels/@nemusli,–ù–µ–º–µ—Ü–∫–∏–µ –º—é—Å–ª–∏,travel
https://tlgrm.ru/channels/@wrenjapan,–í—Ä–µ–Ω –æ –Ø–ø–æ–Ω–∏–∏ –¥–ª—è —Ç—É—Ä–∏—Å—Ç–∞,travel
https://tlgrm.ru/channels/@trvlhacker,–¢—Ä—ç–≤–µ–ª—Ö–∞–∫–µ—Ä,travel
https://tlgrm.ru/channels/@emigrantschannel,"–≠–º–∏–≥—Ä–∞–Ω—Ç—ã :: –∫–∞–∫, –∫—É–¥–∞, –ø–æ—á–µ–º—É",travel
https://tlgrm.ru/channels/@travelsInfo,–ü–æ–¥–æ—Ä–æ–∂—ñ –∑ –£–∫—Ä–∞—ó–Ω–∏,travel
https://tlgrm.ru/channels/@flying_salmon,–õ–µ—Ç–∞—é—â–∏–π –õ–æ—Å–æ—Å—å,travel
https://tlgrm.ru/channels/@japan_esketit,–¢–≤–æ–π –¥—Ä—É–≥ –≤ –Ø–ø–æ–Ω–∏–∏,travel
https://tlgrm.ru/channels/@Photos,–ö—Ä–∞—Å–∏–≤—ã–µ –§–æ—Ç–æ–≥—Ä–∞—Ñ–∏–∏ –ö–∞—Ä—Ç–∏–Ω–∫–∏,art
https://tlgrm.ru/channels/@jpeg_pictures1,.jpeg | —Ñ–æ—Ç–æ–≥—Ä–∞—Ñ–∏—è | –∏—Å–∫—É—Å—Å—Ç–≤–æ,art
https://tlgrm.ru/channels/@kartiny,–ö–∞—Ä—Ç–∏–Ω—ã. –ñ–∏–≤–æ–ø–∏—Å—å. –ò—Å–∫—É—Å—Å—Ç–≤–æ,art
https://tlgrm.ru/channels/@Pic_history,–ò—Å—Ç–æ—Ä–∏—è –æ–¥–Ω–æ–π –∫–∞—Ä—Ç–∏–Ω—ã,art
https://tlgrm.ru/channels/@atmosfera_yuta,–ê—Ç–º–æ—Å—Ñ–µ—Ä–∞ —É—é—Ç–∞,art
https://tlgrm.ru/channels/@dr_your_public,Dr,art
https://tlgrm.ru/channels/@WallpaperS,Wallpapers HD 4k 8k 3D,art
https://tlgrm.ru/channels/@photoshopforyou,PFY (–¢–≤–æ–π —Ñ–æ—Ç–æ—à–æ–ø),art
https://tlgrm.ru/channels/@aesthetic_room,aesthetic room / –≠—Å—Ç–µ—Ç–∏–∫–∞ / Wallpapers,art
https://tlgrm.ru/channels/@shrift_free,–ë–µ—Å–ø–ª–∞—Ç–Ω—ã–µ —à—Ä–∏—Ñ—Ç—ã,art
https://tlgrm.ru/channels/@iphonefotohd,–û–±–æ–∏ –¥–ª—è iPhone,art
https://tlgrm.ru/channels/@oboioboi,–û–±–æ–∏ HD ‚úîÔ∏è,art
https://tlgrm.ru/channels/@Wallpaperselection,Wallpapers Central,art
https://tlgrm.ru/channels/@iskusstvoTG,–ò—Å–∫—É—Å—Å—Ç–≤–æ,art
https://tlgrm.ru/channels/@posterino,Posterino | –∏—Å–∫—É—Å—Å—Ç–≤–æ –ø–ª–∞–∫–∞—Ç–∞,art
https://tlgrm.ru/channels/@fotoredaktor,–ü—Ä–µ—Å–µ—Ç—ã –±–µ—Å–ø–ª–∞—Ç–Ω–æ –∏ SMM,art
https://tlgrm.ru/channels/@fontsch,Fonts,art
https://tlgrm.ru/channels/@privateart,Private Art,art
https://tlgrm.ru/channels/@artlook,Aesthetics of life / –≠—Å—Ç–µ—Ç–∏–∫–∞,art
https://tlgrm.ru/channels/@oboi_1_hd,–û–±–æ–∏ –Ω–∞ —Ç–µ–ª–µ—Ñ–æ–Ω üì≤,art
https://tlgrm.ru/channels/@art_polotno,Polotno,art
https://tlgrm.ru/channels/@old_moscow,–°—Ç–∞—Ä–∞—è –ú–æ—Å–∫–≤–∞,art
https://tlgrm.ru/channels/@obrabotkafoto,–û–±—Ä–∞–±–æ—Ç–∫–∞ —Ñ–æ—Ç–æ –Ω–∞ —Ç–µ–ª–µ—Ñ–æ–Ω–µ,art
https://tlgrm.ru/channels/@krasiiivo,–ø—Ä–æ—Å—Ç–æ –∫—Ä–∞—Å–∏–≤–æ,art
https://tlgrm.ru/channels/@vrednayamoda,–í—Ä–µ–¥–Ω–∞—è –ú–æ–¥–∞ ‚ú® VREDNAYAMODA ‚ú® Aliexpress,beauty
https://tlgrm.ru/channels/@fashion_mur,–ú—É—Ä,beauty
https://tlgrm.ru/channels/@donttouchmyface,don't touch my face,beauty
https://tlgrm.ru/channels/@Nail_Arts,–ú–∞–Ω–∏–∫—é—Ä | –ù–æ–≥—Ç–∏,beauty
https://tlgrm.ru/channels/@goodmorningkarl,"Good morning, Karl!",beauty
https://tlgrm.ru/channels/@fakfashion,Fak Fashion Fair,beauty
https://tlgrm.ru/channels/@Fursanastasia,–ö–∞—Ä–∞–≤–∞–Ω–ë—å—é—Ç–∏–ß–µ–Ω—ç–ª,beauty
https://tlgrm.ru/channels/@be_fashion,–ë—É–¥—å —Ñ—ç—à–Ω–±–ª,beauty
https://tlgrm.ru/channels/@beauty300,–ë—å—é—Ç–∏ –∑–∞ 300,beauty
https://tlgrm.ru/channels/@alya_likes_ali,Style with Alya üíû Aliexpress fashion,beauty
https://tlgrm.ru/channels/@madwomen,–û—á–µ–Ω—å –Ω–∞–¥–æ!,beauty
https://tlgrm.ru/channels/@livuiton,–õ—É–∏—Å –ò–≤–∞–Ω–æ–≤–∏—á –í—å—é—Ç–æ–Ω,beauty
https://tlgrm.ru/channels/@stileva,"–ì—É—á–∏ –ø–ª–∞—á–µ—Ç, –î–æ–ª—å—á–µ –∑–ª–∏—Ç—Å—è",beauty
https://tlgrm.ru/channels/@freethecurls,–¢–∞–∫ –∏ —Ö–æ–¥–∏,beauty
https://tlgrm.ru/channels/@Fashi,–ú–∞–∫–∏—è–∂ | –ú–æ–¥–∞ | –û–¥–µ–∂–¥–∞,beauty
https://tlgrm.ru/channels/@AliExpressvStyle,AliExpressStyle,beauty
https://tlgrm.ru/channels/@WomenFA,"Fashion - –º–æ–¥–∞ –∏ —Å—Ç–∏–ª—å, –æ–±—É–≤—å",beauty
https://tlgrm.ru/channels/@darvol,Darvol,beauty
https://tlgrm.ru/channels/@aliexpress_no_stress,Aliexpress no stress,beauty
https://tlgrm.ru/channels/@juliacatcalo,Julia Catcalo,beauty
https://tlgrm.ru/channels/@gdeModa,–ì–∏–¥ –ø–æ —Å—Ç–∏–ª—é | –ú–æ–¥–∞ –æ–¥–µ–∂–¥–∞,beauty
https://tlgrm.ru/channels/@beautyRoom11,–ú–æ–¥–∞ –∏ –º–∞–∫–∏—è–∂,beauty
https://tlgrm.ru/channels/@buyer_china,–ë–∞–π–µ—Ä –≤ –ö–∏—Ç–∞–µ üá®üá≥,beauty
https://tlgrm.ru/channels/@wearfeelings,–ß—É–≤—Å—Ç–≤–∞ wear—É—é—â–∏—Ö,beauty
https://tlgrm.ru/channels/@dr_komarovskiy,–î–æ–∫—Ç–æ—Ä –ö–æ–º–∞—Ä–æ–≤—Å–∫–∏–π,health
https://tlgrm.ru/channels/@namochimanturu,–ù–∞–º–æ—á–∏ –º–∞–Ω—Ç—É,health
https://tlgrm.ru/channels/@doctors_memoirs,–ó–∞–ø–∏—Å–∫–∏ –≤—Ä–∞—á–∞,health
https://tlgrm.ru/channels/@DoctorViki,Dr Viki,health
https://tlgrm.ru/channels/@fediatrix,–§–µ–¥–∏–∞—Ç—Ä–∏—è,health
https://tlgrm.ru/channels/@doctorpavlova,–î–æ–∫—Ç–æ—Ä –ü–∞–≤–ª–æ–≤–∞,health
https://tlgrm.ru/channels/@DrButriy,–ó–∞–º–µ—Ç–∫–∏ –¥–µ—Ç—Å–∫–æ–≥–æ –≤—Ä–∞—á–∞,health
https://tlgrm.ru/channels/@skorpom,–°–∫–æ—Ä–∞—è –ü–æ–º–æ—â—å,health
https://tlgrm.ru/channels/@tolkosprosit,–ö—É–ø—Ä—É–º,health
https://tlgrm.ru/channels/@medknigi,–ú–µ–¥–∏—Ü–∏–Ω—Å–∫–∏–µ –∫–Ω–∏–≥–∏,health
https://tlgrm.ru/channels/@byd_zdorov,–ë—É–¥—å –∑–¥–æ—Ä–æ–≤,health
https://tlgrm.ru/channels/@doctorphilipp,üíä–î–æ–∫—Ç–æ—Ä –§–∏–ª,health
https://tlgrm.ru/channels/@anatom,–ê–Ω–∞—Ç–æ–º–∏—á–∫–∞,health
https://tlgrm.ru/channels/@rus_med,–ù–µ–ú–∏–Ω–∑–¥—Ä–∞–≤,health
https://tlgrm.ru/channels/@medach,–ú–µ–¥–∞—á | Medical Channel,health
https://tlgrm.ru/channels/@doctors_online_answer,–ó–¥–æ—Ä–æ–≤—å–µüá∞üá¨,health
https://tlgrm.ru/channels/@zapiskimt,–ó–∞–ø–∏—Å–∫–∏ –º–∞–Ω—É–∞–ª—å–Ω–æ–≥–æ —Ç–µ—Ä–∞–ø–µ–≤—Ç–∞,health
https://tlgrm.ru/channels/@dentistinfo,Dentist,health
https://tlgrm.ru/channels/@Medcase,International Medical Case Presentation Channel,health
https://tlgrm.ru/channels/@krisistyping,–ö—Ä–∏—Å –ø–µ—á–∞—Ç–∞–µ—Ç...,health
https://tlgrm.ru/channels/@evidencebm,–î–æ–∫–∞–∑–∞—Ç–µ–ª—å–Ω–∞—è –º–µ–¥–∏—Ü–∏–Ω–∞ –∏ –∫–ª–∏–Ω–∏—á–µ—Å–∫–∏–µ —Ä–µ–∫–æ–º–µ–Ω–¥–∞—Ü–∏–∏,health
https://tlgrm.ru/channels/@nervos,–î–µ—Ç—Å–∫–∞—è –ù–µ–≤—Ä–æ–ª–æ–≥–∏—è¬Æ,health
https://tlgrm.ru/channels/@nmulib,–ë–∏–±–ª–∏–æ—Ç–µ–∫–∞ –ú–µ–¥–∏—Ü–∏–Ω—Å–∫–æ–π –õ–∏—Ç–µ—Ä–∞—Ç—É—Ä—ã,health
https://tlgrm.ru/channels/@shbmnk,–®–ë–º–Ω–∫,health
https://tlgrm.ru/channels/@AppStorePlus,App Store +,gaming
https://tlgrm.ru/channels/@EasyAPK,üì≤ Easy APK,gaming
https://tlgrm.ru/channels/@Pieapk,PIE APK,gaming
https://tlgrm.ru/channels/@GameOA,–û–±—â–∏–µ –ò–≥—Ä—ã,gaming
https://tlgrm.ru/channels/@vseapps,–í—Å–µ–ª–µ–Ω–Ω–∞—è –ø—Ä–∏–ª–æ–∂–µ–Ω–∏–π,gaming
https://tlgrm.ru/channels/@ez_gamer,–•–∞–ª—è–≤–Ω—ã–π –ì–µ–π–º–µ—Ä,gaming
https://tlgrm.ru/channels/@stickroom,–ö–æ–º–Ω–∞—Ç–∞ —Å—Ç–∏–∫–µ—Ä–æ–≤,gaming
https://tlgrm.ru/channels/@keyapk,KeyApk,gaming
https://tlgrm.ru/channels/@appscloud,AppsCloud.me,gaming
https://tlgrm.ru/channels/@TrueMafiaNews,True Mafia News,gaming
https://tlgrm.ru/channels/@theappbox,The App Box,gaming
https://tlgrm.ru/channels/@portablik,Portablik,gaming
https://tlgrm.ru/channels/@hplegion,HARD INSIDE,gaming
https://tlgrm.ru/channels/@flyxapk,FLYXAPKüì± | –û—Ñ–∏—Ü–∏–∞–ª—å–Ω—ã–π –∫–∞–Ω–∞–ª,gaming
https://tlgrm.ru/channels/@SharaAPK,üëë SHARA APK,gaming
https://tlgrm.ru/channels/@Game_new7,‚ö°Ô∏è–ò–≥—Ä–æNews‚ö°Ô∏è,gaming
https://tlgrm.ru/channels/@v1lat,–ù–∞ —Ö–∞—Ç–µ —É –í–∏–ª–∞—Ç–∞,gaming
https://tlgrm.ru/channels/@botcollection,Botcollection,gaming
https://tlgrm.ru/channels/@igromania,–ò–≥—Ä–æ–º–∞–Ω–∏—è,gaming
https://tlgrm.ru/channels/@TAndroidAPK,Telegram APKs for Android,gaming
https://tlgrm.ru/channels/@ruscat,Ruscatalog,gaming
https://tlgrm.ru/channels/@android_5play,5PLAY‚ö°Ô∏è–ò–≥—Ä—ã –¥–ª—è Android,gaming
https://tlgrm.ru/channels/@justwallpps,Just Wallpapers,gaming
https://tlgrm.ru/channels/@Android_OC,üì• ùî∏‚ÑôùïÇ ‚Ñô‚ÑùùîºùïÑùïÄùïåùïÑ,gaming
https://tlgrm.ru/channels/@OKkal,0Kkal - –ù–∏–∑–∫–æ–∫–∞–ª–æ—Ä–∏–π–Ω—ã–µ —Ä–µ—Ü–µ–ø—Ç—ã,food
https://tlgrm.ru/channels/@thesaltmagazine,–°–æ–ª—å,food
https://tlgrm.ru/channels/@sysoevfm,–°—ã—Å–æ–µ–≤FM,food
https://tlgrm.ru/channels/@FoodTG,üçß–í–∫—É—Å–Ω–∞—è –∫—É—Ö–Ω—èüéÇ,food
https://tlgrm.ru/channels/@TopSalaty,–°–∞–ª–∞—Ç—ã | –õ—É—á—à–∏–µ —Ä–µ—Ü–µ–ø—Ç—ã,food
https://tlgrm.ru/channels/@retsepty,–ö—É–ª–∏–Ω–∞—Ä–Ω—ã–µ —Ä–µ—Ü–µ–ø—Ç—ã,food
https://tlgrm.ru/channels/@pp_recepti,BonRazione | –ü—Ä–∞–≤–∏–ª—å–Ω–æ–µ –ø–∏—Ç–∞–Ω–∏–µ,food
https://tlgrm.ru/channels/@EatDear,"–ö—É—à–∞–π, –î–æ—Ä–æ–≥–æ–π - –†–µ—Ü–µ–ø—Ç—ã",food
https://tlgrm.ru/channels/@dietrecepti,–î–∏–µ—Ç–∏—á–µ—Å–∫–∏–µ —Ä–µ—Ü–µ–ø—Ç—ã. –ü—Ä–∞–≤–∏–ª—å–Ω–æ–µ –ø–∏—Ç–∞–Ω–∏–µ,food
https://tlgrm.ru/channels/@domashnie_receptiki,–î–æ–º–∞—à–Ω–∏–µ —Ä–µ—Ü–µ–ø—Ç–∏–∫–∏,food
https://tlgrm.ru/channels/@kudaeda,–ö—É–¥–∞–µ–¥–∞,food
https://tlgrm.ru/channels/@pivamne,–ü—Ä–æ—Å—Ç–æ –ü—Ä–æ –ü–∏–≤–æ,food
https://tlgrm.ru/channels/@oliv_e,–°–∞–ª–∞—Ç—ã –∏ –∑–∞–∫—É—Å–∫–∏,food
https://tlgrm.ru/channels/@Foodiscovery,FooDiscovery,food
https://tlgrm.ru/channels/@pokaschevarim,–ü–æ–∫–∞—à–µ–≤–∞—Ä–∏–º,food
https://tlgrm.ru/channels/@restoraids,RestoRaids MSK - –∞–∫—Ü–∏–∏ —Ä–µ—Å—Ç–æ—Ä–∞–Ω–æ–≤ –∏ –¥–æ—Å—Ç–∞–≤–æ–∫ –ú–æ—Å–∫–≤—ã,food
https://tlgrm.ru/channels/@mirpovarov,–ú–∏—Ä–æ–≤–æ–π –ø–æ–≤–∞—Ä | –≤–∏–¥–µ–æ —Ä–µ—Ü–µ–ø—Ç—ã,food
https://tlgrm.ru/channels/@Lolojka,–õ–æ–∂–∫–∞,food
https://tlgrm.ru/channels/@student_eda,–í—ã–∂–∏—Ç—å –Ω–∞ —Å–æ—Ç–∫—É | –ì–æ–ª–æ–¥–Ω—ã–π —Å—Ç—É–¥–µ–Ω—Ç | –†–µ—Ü–µ–ø—Ç—ã,food
https://tlgrm.ru/channels/@Kulin,–•–∏—Ç—Ä—ã–π –ø–æ–≤–∞—Ä. –°–µ–∫—Ä–µ—Ç—ã –∫—É–ª–∏–Ω–∞—Ä–∏–∏,food
https://tlgrm.ru/channels/@vkusnobistro,–†–µ—Ü–µ–ø—Ç—ã –≤—ã–ø–µ—á–∫–∏,food
https://tlgrm.ru/channels/@mens_kitchen,–ú—É–∂—Å–∫–∞—è –∫—É—Ö–Ω—è,food
https://tlgrm.ru/channels/@multishef,–í–∫—É—Å–Ω—ã–µ —Ä–µ—Ü–µ–ø—Ç—ã,food
https://tlgrm.ru/channels/@foodandscience,Food&Science,food
https://tlgrm.ru/channels/@nahalyavu,–•–∞–ª—è–≤—â–∏–∫–∏,sales
https://tlgrm.ru/channels/@dealfinder,–ö—Ä–æ—Å—Å–æ–≤–∫–∏ –Ω–∞ —Å–∫–∏–¥–∫–∞—Ö ‚ö°Ô∏è,sales
https://tlgrm.ru/channels/@zalezv,–ó–∞–ª–µ–∑ –≤ Aliexpress,sales
https://tlgrm.ru/channels/@AlexisKissAliexpress,AlexisKiss_aliexpress,sales
https://tlgrm.ru/channels/@hotprice,HotPrice –æ—Ç Pepper.ru,sales
https://tlgrm.ru/channels/@pepperru,Pepper.RU,sales
https://tlgrm.ru/channels/@dealfinderch,–®–º–æ—Ç–∫–∏ –Ω–∞ —Å–∫–∏–¥–∫–∞—Ö,sales
https://tlgrm.ru/channels/@aliexprs,–ù–∞—Ö–æ–¥–∫–∏ AliExpress,sales
https://tlgrm.ru/channels/@Blackfive50,–ü—Ä–æ–º–æ–∫–æ–¥—ã | –ê–∫—Ü–∏–∏ | –•–∞–ª—è–≤–∞ | –ë–µ—Å–ø–ª–∞—Ç–Ω–æ,sales
https://tlgrm.ru/channels/@LOWCS,LowCoster,sales
https://tlgrm.ru/channels/@Dailysales,"–°–∫–∏–¥–∫–∏, –ø—Ä–æ–º–æ–∫–æ–¥—ã, –∞–∫—Ü–∏–∏ - DailySales-",sales
https://tlgrm.ru/channels/@aliexpress_a,AliExpress | –ß–µ—Ä–Ω–∞—è –ü—è—Ç–Ω–∏—Ü–∞ –ö—É–ø–æ–Ω—ã‚ñ´Ô∏è–ì–∞–¥–∂–µ—Ç—ã‚ñ´Ô∏è–°–º–∞—Ä—Ç—Ñ–æ–Ω—ã‚ñ´Ô∏è–ö–∏—Ç–∞–π‚ñ´Ô∏è–õ–∞–π—Ñ—Ö–∞–∫–∏‚ñ´Ô∏è–®–æ–ø–ø–∏–Ω–≥‚ñ´Ô∏è–¢–∞–∫—Å–∏‚ñ´Ô∏è–¢–µ—Ö–Ω–æ–ª–æ–≥–∏–∏‚ñ´Ô∏è–ü–æ–¥–∞—Ä–∫–∏,sales
https://tlgrm.ru/channels/@opttrading,"Opttrading –ú–æ—Å–∫–≤–∞ - Xiaomi Mi Mijia Redmi (—Å–º–∞—Ä—Ç—Ñ–æ–Ω—ã, —Ç–µ—Ö–Ω–∏–∫–∞, –∞–∫—Å–µ—Å—Å—É–∞—Ä—ã)",sales
https://tlgrm.ru/channels/@sgcabcodes,SG Cab Promos,sales
https://tlgrm.ru/channels/@anton_obzor_sale,sintetiki.net | —Å–∫–∏–¥–∫–∏ –∏ –∫—É–ø–æ–Ω—ã –æ—Ç –ê–Ω—Ç–æ–Ω–∞,sales
https://tlgrm.ru/channels/@mysku_discounts,–°–∫–∏–¥–∫–∏ –æ—Ç MYSKU.ru,sales
https://tlgrm.ru/channels/@aliexpress_best,AliExpress,sales
https://tlgrm.ru/channels/@appleinsider_sale,AppleInsider.ru #—Å–∫–∏–¥–æ—á–∫–∏,sales
https://tlgrm.ru/channels/@Skidonych,–°–ö–ò–î–û–ù–´–ß,sales
https://tlgrm.ru/channels/@mancave,–í—Å—ë –¥–ª—è –º—É–∂–∏–∫–∞,sales
https://tlgrm.ru/channels/@ironmanexpress,¬© –ñ–ï–õ–ï–ó–ù–´–ô –ê–õ–ò–≠–ö–°–ü–†–ï–°–°,sales
https://tlgrm.ru/channels/@psprices_ru_ps4,PlayStation ‚ö°Ô∏è –°–∫–∏–¥–∫–∏,sales
https://tlgrm.ru/channels/@allaboutsales,–°–∫–∏–¥–∫–∏! –°–∫–∏–¥–∫–∏!! –°–∫–∏–¥–∫–∏!!!,sales
https://tlgrm.ru/channels/@Sneakersdealww,Sneakersdeal,sales
https://tlgrm.ru/channels/@tsitaty,–¶–∏—Ç–∞—Ç—ã,quotes
https://tlgrm.ru/channels/@superstatusy,–¶–∏—Ç–∞—Ç—ã –∏ —Å—Ç–∞—Ç—É—Å—ã,quotes
https://tlgrm.ru/channels/@ulichnosti,–õ–∏—á–Ω–æ—Å—Ç–∏,quotes
https://tlgrm.ru/channels/@borzzie_channel,–ë–æ—Ä–∑–∑—ã–µ,quotes
https://tlgrm.ru/channels/@nightssss,‚ú™‚ìÉ‚íæ‚íº‚íΩ‚ìâ‚ú™,quotes
https://tlgrm.ru/channels/@youwnt,what do you want?,quotes
https://tlgrm.ru/channels/@PUBLMV,ùêèùêîùêÅùêãùêåùêï,quotes
https://tlgrm.ru/channels/@endyouworld,–¥–∏–º—É—à–≤–∏–ª–∏,quotes
https://tlgrm.ru/channels/@quotangelic,Quotangelic,quotes
https://tlgrm.ru/channels/@truForester,Forester,quotes
https://tlgrm.ru/channels/@psyxologiya,–ü—Å–∏—Ö–æ–ª–æ–≥–∏—è,quotes
https://tlgrm.ru/channels/@aforizmy_tsytaty,–ú–æ—è –∂–µ–º—á—É–∂–∏–Ω–∞/–ê—Ñ–æ—Ä–∏–∑–º—ã,quotes
https://tlgrm.ru/channels/@PsyxoLove,–û –õ—é–±–≤–∏. –ü—Å–∏—Ö–æ–ª–æ–≥–∏—è –æ—Ç–Ω–æ—à–µ–Ω–∏–π,quotes
https://tlgrm.ru/channels/@pogovo_rim,–ü–æ–≥–æ–≤–æ—Ä–∏–º...,quotes
https://tlgrm.ru/channels/@myaforizm,–ú—É–¥—Ä–æ—Å—Ç—å –≤–µ–∫–æ–≤,quotes
https://tlgrm.ru/channels/@tsytaty_mudrykh,–¶–∏—Ç–∞—Ç—ã –º—É–¥—Ä—ã—Ö,quotes
https://tlgrm.ru/channels/@statusday,–°—Ç–∞—Ç—É—Å –¥–Ω—è,quotes
https://tlgrm.ru/channels/@psihologium,–ü—Å–∏—Ö–æ–ª–æ–≥–∏—èüß†,quotes
https://tlgrm.ru/channels/@neskazannoe,ne.skazannoe,quotes
https://tlgrm.ru/channels/@livegrow,LIVE.GROW,quotes
https://tlgrm.ru/channels/@citatiprolyubov,–¶–∏—Ç–∞—Ç—ã –ø—Ä–æ –õ—é–±–æ–≤—å,quotes
https://tlgrm.ru/channels/@readers_books,–ß–∏—Ç–∞—é—â–∏–µ,quotes
https://tlgrm.ru/channels/@DushaPacana,–ú—É–∂—Å–∫–∏–µ –º—ã—Å–ª–∏ / –î—É—à–∞ –ø–∞—Ü–∞–Ω–∞,quotes
https://tlgrm.ru/channels/@YouStartWith,–ù–∞—á–Ω–∏ —Å —Å–µ–±—è üå±,quotes
https://tlgrm.ru/channels/@kniga_ruk,–ö–Ω–∏–≥–∞ —Ä—É–∫–æ–¥–µ–ª—å–Ω–∏—Ü,handicraft
https://tlgrm.ru/channels/@Samodelkino,–°–¥–µ–ª–∞–π —Å–∞–º,handicraft
https://tlgrm.ru/channels/@Knitideas,–í—è–∑–∞–Ω—ã–µ –ò–¥–µ–∏,handicraft
https://tlgrm.ru/channels/@vyazanie_idea,üå∑–í—è–∑–∞–Ω–∏–µ üå∑,handicraft
https://tlgrm.ru/channels/@vyazalochka,‚ö¨–í–Ø–ó–ê–õ–û–ß–ö–ê,handicraft
https://tlgrm.ru/channels/@lovevjazanie,–ö–ª—É–±–æ–∫ - –í—è–∑–∞–Ω–∏–µ —Å–ø–∏—Ü–∞–º–∏ –∏ –∫—Ä—é—á–∫–æ–º,handicraft
https://tlgrm.ru/channels/@amiguru,"Amigurumi - –∞–º–∏–≥—É—Ä—É–º–∏, –≤—è–∑–∞–Ω—ã–µ –∏–≥—Ä—É—à–∫–∏, –∏–≥—Ä—É—à–∫–∏ –∫—Ä—é—á–∫–æ–º",handicraft
https://tlgrm.ru/channels/@naperstok,–®–≤–µ–π–Ω—ã–µ —Å–æ–≤–µ—Ç—ã –æ—Ç –ù–∞–ø–µ—Ä—Å—Ç–∫–∞,handicraft
https://tlgrm.ru/channels/@theknittingtimes,Rodimova Today,handicraft
https://tlgrm.ru/channels/@proetsy,ProEtsy,handicraft
https://tlgrm.ru/channels/@kidsatelie,–®–∏—Ç—å–µ –∏ –∫—Ä–æ–π ‚úÇ –í—ã–∫—Ä–æ–π–∫–∏. –ú–∞—Å—Ç–µ—Ä-–∫–ª–∞—Å—Å—ã. –®–≤–µ–π–Ω—ã–µ —Å–µ–∫—Ä–µ—Ç—ã.,handicraft
https://tlgrm.ru/channels/@handmadeplanet,Handmadeplanet,handicraft
https://tlgrm.ru/channels/@vyaz_kruchkom,–ö—Ä—é—á–æ–∫ –∏ –Ω–∏—Ç–∫–∞,handicraft
https://tlgrm.ru/channels/@kulthandmade,–ö—É–ª—å—Ç —Ö–µ–Ω–¥–º–µ–π–¥–∞,handicraft
https://tlgrm.ru/channels/@etsystep,Etsy,handicraft
https://tlgrm.ru/channels/@Trikotazhnaya,–í—è–∑–∞–Ω–∏–µ –∏–∑ —Ç—Ä–∏–∫–æ—Ç–∞–∂–Ω–æ–π –ø—Ä—è–∂–∏,handicraft
https://tlgrm.ru/channels/@scalestuff,Tiny Legend of Warhammer,handicraft
https://tlgrm.ru/channels/@leatherminds,–ö–æ–∂–∞–Ω—ã–µ–ú—ã—Å–ª–∏. –í—ã–∫—Ä–æ–π–∫–∏.,handicraft
https://tlgrm.ru/channels/@ideisvoimirukami,–ú–æ–π —É—é—Ç–Ω—ã–π –¥–æ–º,handicraft
https://tlgrm.ru/channels/@needleworrrk,"üî∑üîπ–í—ã—à–∏–≤–∫–∞, —Å—Ö–µ–º—ã.üîπüî∑",handicraft
https://tlgrm.ru/channels/@vyazanoe_leto,–õ–µ—Ç–Ω–µ–µ –≤—è–∑–∞–Ω–∏–µ,handicraft
https://tlgrm.ru/channels/@tanyavyazhet,–í—è–∑–∞–Ω–∏–µ,handicraft
https://tlgrm.ru/channels/@kraftostan,–ö–∞—Å—Ç—Ä—é–ª—è,handicraft
https://tlgrm.ru/channels/@Botanica_style,Botanica_style,handicraft
https://tlgrm.ru/channels/@brazzers_prem,BRAZZERS PREMIUMüîû,adult
https://tlgrm.ru/channels/@Naughty_America_premium,Naughty America PREMIUM,adult
https://tlgrm.ru/channels/@pornodrive,PornDrive,adult
https://tlgrm.ru/channels/@humor18,üî•Humor 18+,adult
https://tlgrm.ru/channels/@dvach18,–î–≤–∞—á 18+,adult
https://tlgrm.ru/channels/@selfiru,üîû –°–µ–ª—Ñ–∏ | Selfie,adult
https://tlgrm.ru/channels/@home_pornn,Homemade Porn VIDEO,adult
https://tlgrm.ru/channels/@ru2ch_ban,–î–≤–∞—á –∑–∞–ø—Ä–µ—â—ë–Ω–∫–∞,adult
https://tlgrm.ru/channels/@Pr00n,Pr00nüîû Tushy | Blacked | Babes | Vixen | Deeper,adult
https://tlgrm.ru/channels/@p0rnhub_videos,PornHub Videos,adult
https://tlgrm.ru/channels/@uncensored_channel,Uncensored (18+),adult
https://tlgrm.ru/channels/@upsssx,UpsSs,adult
https://tlgrm.ru/channels/@sexwife,SexWife channel,adult
https://tlgrm.ru/channels/@hellaway,–î–µ–≤–æ—á–∫–∏ —Ç–≤–æ–µ–≥–æ –¥–≤–æ—Ä–∞,adult
https://tlgrm.ru/channels/@fuckinass,Anal Sex,adult
https://tlgrm.ru/channels/@amateursonly,Amateurs Only,adult
https://tlgrm.ru/channels/@sexwiferussia,üîû SexWife Russia üá∑üá∫,adult
https://tlgrm.ru/channels/@myerotic,Erotic 18+,adult
https://tlgrm.ru/channels/@BrasilLolicon,‚ô®Ô∏è Brasil Lolicon PP,adult
https://tlgrm.ru/channels/@cumfetish,Cum Sluts Facial & Creampie,adult
https://tlgrm.ru/channels/@blacked_prem,BLACKED PREMIUM,adult
https://tlgrm.ru/channels/@WEBGIRLS,Web Girls,adult
https://tlgrm.ru/channels/@cuckoldrussia,üîû –ö—É–∫–æ–ª–¥ | Cuckold,adult
https://tlgrm.ru/channels/@gif_wow,Porno Gif üçìüîû,adult
https://tlgrm.ru/channels/@lifehackerru,–õ–∞–π—Ñ—Ö–∞–∫–µ—Ä,other
https://tlgrm.ru/channels/@Eric_Davidich_D3,D3 | Davidich Dynamic Drive,other
https://tlgrm.ru/channels/@specpartner,–°—Ç—Ä–æ–∏—Ç–µ–ª—å—Å—Ç–≤–æ –∏ –ù–µ–¥–≤–∏–∂–∏–º–æ—Å—Ç—å,other
https://tlgrm.ru/channels/@proektdom,–ü—Ä–æ–µ–∫—Ç—ã –¥–æ–º–æ–≤ ‚úîÔ∏è,other
https://tlgrm.ru/channels/@islamC,–ò—Å–ª–∞–º / Islam,other
https://tlgrm.ru/channels/@Simsimmsk,SIMSIM,other
https://tlgrm.ru/channels/@prazdniki,–ö–∞–ª–µ–Ω–¥–∞—Ä—å —Å–æ–±—ã—Ç–∏–π,other
https://tlgrm.ru/channels/@Be_designer,–ò–¥–µ–∏ –¥–∏–∑–∞–π–Ω–∞,other
https://tlgrm.ru/channels/@LifeHackTG,LifeHack,other
https://tlgrm.ru/channels/@Familymanager,–ó–∞–ø–∏—Å–∫–∏ –¥–æ–º–æ—Ö–æ–∑—è–π–∫–∏,other
https://tlgrm.ru/channels/@moygoroskop,–ú–û–ô-–ì–û–†–û–°–ö–û–üüîÆ,other
https://tlgrm.ru/channels/@udachnayarybalca,–£–¥–∞—á–Ω–∞—è —Ä—ã–±–∞–ª–∫–∞,other
https://tlgrm.ru/channels/@tricktut,–õ–∞–π—Ñ—Ö–∞–∫–∏,other
https://tlgrm.ru/channels/@ideasforhome,Ideas for your home,other
https://tlgrm.ru/channels/@tankworld,–¢–∞–Ω–∫–∏ –º–∏—Ä–∞,other
https://tlgrm.ru/channels/@GunFreak,GunFreak,other
https://tlgrm.ru/channels/@herehome,–î–æ–º–∞—à–Ω–∏–π,other
https://tlgrm.ru/channels/@gospeleveryday,–ï–≤–∞–Ω–≥–µ–ª–∏–µ,other
https://tlgrm.ru/channels/@pravcalendar,–ü—Ä–∞–≤–æ—Å–ª–∞–≤–Ω—ã–π –∫–∞–ª–µ–Ω–¥–∞—Ä—å,other
https://tlgrm.ru/channels/@Justdecor,Decor,other
https://tlgrm.ru/channels/@v_banu,–•–æ–∑—è–∏–Ω –±–∞–Ω–∏ü•ã,other
https://tlgrm.ru/channels/@pravoslavie_ru,–ü—Ä–∞–≤–æ—Å–ª–∞–≤–∏–µ.Ru,other
https://tlgrm.ru/channels/@eurikachannel,–≠–≤—Ä–∏–∫–∞üí°,other
https://tlgrm.ru/channels/@frgmnts,Fragments,other
https://tlgrm.ru/channels/@kunuzofficial,Kun.uz | –†–∞—Å–º–∏–π –∫–∞–Ω–∞–ª,uzbek
https://tlgrm.ru/channels/@mehrob_uz,Mehrob.uz,uzbek
https://tlgrm.ru/channels/@darakchi,DARAKCHI.UZ | UYDA QOLING!,uzbek
https://tlgrm.ru/channels/@championatasia,Championat.asia,uzbek
https://tlgrm.ru/channels/@Foydali_Maslahat,üíä Foydali Maslahat | Ginekologiya Urologiya Homiladorlik Jinsiy Hayot Erkaklar Bepushtlik Soch Soqol Jinsiy azolar Salomatligi,uzbek
https://tlgrm.ru/channels/@ucell,Ucell,uzbek
https://tlgrm.ru/channels/@sherlar,SHERLAR,uzbek
https://tlgrm.ru/channels/@sogdiana,SUG'DIYONA | üè°UYDA QOLING!,uzbek
https://tlgrm.ru/channels/@xorazmnet,üåü XORAZM.NET üéß,uzbek
https://tlgrm.ru/channels/@UstozShogird,Ustoz-Shogird - UYda ishlaymiz : UzGeeks,uzbek
https://tlgrm.ru/channels/@UzReport,UzReport.news | –†–£,uzbek
https://tlgrm.ru/channels/@ShumFM,www.ShumFM.net,uzbek
https://tlgrm.ru/channels/@zufar123,Zaytun shajarasi,uzbek
https://tlgrm.ru/channels/@gazetauz_ozb,Gazeta.uz - O‚Äòzbekiston yangiliklari,uzbek
https://tlgrm.ru/channels/@yangilar_uz,Yangilar.Uz | #UydaQoling!,uzbek
